,ClusterName,Recency,Frequency,Monetary
0,legendary,1.5,1246.5,266454.24
1,loyal customers,8.8,1590.4,148376.956
2,need attention,20.95939086294416,344.507614213198,10116.452233502538
3,potential loyalist,37.25,1143.5416666666667,51181.37541666667
4,hibernate,96.38319123020706,68.88672350791717,1046.7665464068211
